AB,atom_A,atom_B,structure,volume_per_atom,form_en_per_atom,bandgap
BHf,B,Hf,s1,13.47,0.17,0.00
OsEr,Os,Er,s1,19.17,-0.07,0.00
NdDy,Nd,Dy,s1,33.88,0.10,0.00
CaTb,Ca,Tb,s1,35.75,0.17,0.00
BAl,B,Al,s1,10.77,0.83,0.00
MoAu,Mo,Au,s1,16.88,0.58,0.00
ClCd,Cl,Cd,s1,24.28,-0.31,0.00
ZrAg,Zr,Ag,s1,20.39,0.01,0.00
MnNi,Mn,Ni,s1,10.86,0.56,0.00
CeLu,Ce,Lu,s1,33.61,0.07,0.00
BiMn,Bi,Mn,s1,21.89,0.51,0.00
ClMn,Cl,Mn,s1,16.11,0.13,0.00
InCu,In,Cu,s1,17.99,0.33,0.00
OW,O,W,s1,11.21,0.41,0.00
FeTa,Fe,Ta,s1,14.29,-0.11,0.00
LiRh,Li,Rh,s1,12.20,0.05,0.00
CaCd,Ca,Cd,s1,28.59,-0.38,0.00
WPm,W,Pm,s1,22.65,1.09,0.00
BeDy,Be,Dy,s1,19.75,0.11,0.00
CsNd,Cs,Nd,s1,50.64,0.91,0.00
RuHo,Ru,Ho,s1,19.30,-0.33,0.00
NiRu,Ni,Ru,s1,12.40,0.42,0.00
InCr,In,Cr,s1,18.94,0.46,0.00
GaCd,Ga,Cd,s1,21.81,0.06,0.00
RbCa,Rb,Ca,s1,32.07,-1.85,4.75
BeEr,Be,Er,s1,19.22,0.08,0.00
IrNd,Ir,Nd,s1,22.15,-0.53,0.00
TiNd,Ti,Nd,s1,24.78,0.41,0.00
AsGd,As,Gd,s1,23.40,-1.06,0.00
BrTb,Br,Tb,s1,23.60,-0.78,0.00
AlTb,Al,Tb,s1,23.66,-0.40,0.00
MgRu,Mg,Ru,s1,15.23,0.26,0.00
AsW,As,W,s1,15.28,0.29,0.00
NiHg,Ni,Hg,s1,15.73,0.38,0.00
BrZr,Br,Zr,s1,20.48,-0.10,0.00
MoSm,Mo,Sm,s1,22.48,0.73,0.00
YAg,Y,Ag,s1,24.28,-0.35,0.00
NbIr,Nb,Ir,s1,16.43,-0.20,0.00
ZnAg,Zn,Ag,s1,16.21,0.04,0.00
VOs,V,Os,s1,13.69,-0.17,0.00
NaBr,Na,Br,s1,25.85,-1.45,2.91
OsTb,Os,Tb,s1,19.88,0.04,0.00
FAg,F,Ag,s1,13.96,-0.93,0.00
GaV,Ga,V,s1,14.22,0.06,0.00
InSm,In,Sm,s1,28.28,-0.50,0.00
CuEu,Cu,Eu,s1,22.12,-0.02,0.00
AsAu,As,Au,s1,18.80,0.29,0.00
GeMo,Ge,Mo,s1,15.34,0.12,0.00
AsAg,As,Ag,s1,19.05,0.28,0.00
BrCr,Br,Cr,s1,22.13,0.39,0.00
SiDy,Si,Dy,s1,21.95,-0.42,0.00
CoLa,Co,La,s1,21.49,0.06,0.00
NIr,N,Ir,s1,10.36,-0.91,0.00
KRe,K,Re,s1,28.30,4.22,4.79
TaPm,Ta,Pm,s1,24.00,0.79,0.00
OTi,O,Ti,s1,9.27,-1.96,0.00
CaZr,Ca,Zr,s1,28.85,0.62,0.00
FZn,F,Zn,s1,13.22,-0.87,0.00
GeEr,Ge,Er,s1,22.71,-0.59,0.00
CaCe,Ca,Ce,s1,39.05,0.08,0.00
LiNb,Li,Nb,s1,15.37,0.66,0.00
YMo,Y,Mo,s1,21.82,0.65,0.00
CoPm,Co,Pm,s1,20.11,0.02,0.00
BiCu,Bi,Cu,s1,21.66,0.51,0.00
TlPm,Tl,Pm,s1,29.31,-0.37,0.00
SrTl,Sr,Tl,s1,35.09,-0.42,0.00
TiZn,Ti,Zn,s1,15.66,-0.08,0.00
NbAg,Nb,Ag,s1,18.10,0.54,0.00
BiCo,Bi,Co,s1,19.08,0.56,0.00
NaTl,Na,Tl,s1,25.85,-1.15,2.91
TbDy,Tb,Dy,s1,32.35,0.13,0.00
BeRh,Be,Rh,s1,10.67,-0.60,0.00
PbHg,Pb,Hg,s1,28.31,0.02,0.00
BeSm,Be,Sm,s1,21.16,0.17,0.00
BrY,Br,Y,s1,23.60,-0.77,0.00
RhW,Rh,W,s1,15.25,0.39,0.00
SeOs,Se,Os,s1,15.40,0.85,0.00
NbRu,Nb,Ru,s1,15.96,-0.17,0.00
MgCe,Mg,Ce,s1,30.62,-0.12,0.00
NaSi,Na,Si,s1,25.85,0.45,2.91
PmTm,Pm,Tm,s1,32.46,0.08,0.00
CsAg,Cs,Ag,s1,46.55,0.06,0.00
SePm,Se,Pm,s1,23.91,-1.62,0.00
BiO,Bi,O,s1,16.53,-0.24,0.00
FePr,Fe,Pr,s1,20.69,0.59,0.00
BaYb,Ba,Yb,s1,50.79,0.03,0.00
PDy,P,Dy,s1,20.78,-1.07,0.00
SnYb,Sn,Yb,s1,28.33,-0.58,0.00
ScLu,Sc,Lu,s1,27.12,0.15,0.00
GaTa,Ga,Ta,s1,16.59,0.11,0.00
NiTc,Ni,Tc,s1,12.67,0.43,0.00
BaCu,Ba,Cu,s1,31.18,0.25,0.00
VTm,V,Tm,s1,22.41,0.44,0.00
OCd,O,Cd,s1,12.72,-0.64,0.00
MnFe,Mn,Fe,s1,10.99,0.21,0.00
LiF,Li,F,s1,8.41,-2.67,7.46
LiCl,Li,Cl,s1,17.81,-1.54,4.35
LiBr,Li,Br,s1,22.17,-1.28,3.03
LiI,Li,I,s1,29.46,-0.92,2.26
NaF,Na,F,s1,26.14,-1.37,2.89
NaCl,Na,Cl,s1,25.90,-1.35,2.91
NaBr,Na,Br,s1,25.85,-1.45,2.91
NaI,Na,I,s1,26.14,-1.50,2.89
KF,K,F,s1,28.39,-1.91,4.78
KCl,K,Cl,s1,28.39,-1.89,4.78
KBr,K,Br,s1,28.39,-1.99,4.78
KI,K,I,s1,28.39,-2.05,4.78
RbF,Rb,F,s1,32.17,-1.92,4.74
RbCl,Rb,Cl,s1,32.22,-1.90,4.73
RbBr,Rb,Br,s1,32.17,-2.00,4.74
RbI,Rb,I,s1,32.22,-2.05,4.73
CsF,Cs,F,s1,25.22,-2.55,5.97
CsCl,Cs,Cl,s1,37.28,-1.93,4.99
CsBr,Cs,Br,s1,42.03,-1.77,4.27
CsI,Cs,I,s1,50.74,-1.54,3.68
FCu,F,Cu,s1,10.91,-0.55,0.00
FAg,F,Ag,s1,13.96,-0.93,0.00
ClCu,Cl,Cu,s1,16.49,0.23,0.00
ClAg,Cl,Ag,s1,20.21,-0.29,0.57
ClAu,Cl,Au,s1,20.02,0.35,0.00
BrCu,Br,Cu,s1,19.54,0.43,0.00
BrAg,Br,Ag,s1,23.37,-0.14,0.09
BrAu,Br,Au,s1,22.80,0.44,0.00
ICu,I,Cu,s1,24.61,0.74,0.00
IAg,I,Ag,s1,28.61,0.12,0.00
IAu,I,Au,s1,26.54,0.59,0.00
BeS,Be,S,s1,12.53,0.45,0.00
BeSe,Be,Se,s1,14.94,0.55,0.00
BeTe,Be,Te,s1,18.92,0.77,0.00
MgO,Mg,O,s1,9.37,-1.99,2.29
MgS,Mg,S,s1,17.52,-0.81,0.00
MgSe,Mg,Se,s1,20.44,-0.67,0.00
MgTe,Mg,Te,s1,25.70,-0.33,0.00
CaO,Ca,O,s1,12.70,-2.49,2.77
CaS,Ca,S,s1,21.34,-1.78,1.35
CaSe,Ca,Se,s1,24.51,-1.69,0.80
CaTe,Ca,Te,s1,30.16,-1.34,0.14
SrO,Sr,O,s1,15.59,-2.34,2.76
SrS,Sr,S,s1,24.80,-1.85,1.81
SrSe,Sr,Se,s1,28.01,-1.79,1.36
SrTe,Sr,Te,s1,34.15,-1.51,0.47
BaO,Ba,O,s1,19.24,-2.15,1.73
BaS,Ba,S,s1,28.91,-1.86,1.48
BaSe,Ba,Se,s1,32.39,-1.85,1.22
BaTe,Ba,Te,s1,38.99,-1.62,0.80
SnO,Sn,O,s1,15.16,-0.56,0.00
SnS,Sn,S,s1,22.46,-0.14,0.00
SnSe,Sn,Se,s1,24.86,-0.19,0.00
SnTe,Sn,Te,s1,29.38,-0.05,0.00
PbO,Pb,O,s1,16.29,-0.69,0.25
PbS,Pb,S,s1,24.26,-0.30,0.00
PbSe,Pb,Se,s1,26.88,-0.34,0.00
PbTe,Pb,Te,s1,31.70,-0.19,0.00
OZn,O,Zn,s1,9.76,-0.65,0.00
OCd,O,Cd,s1,12.72,-0.64,0.00
OHg,O,Hg,s1,13.84,0.17,0.00
SZn,S,Zn,s1,16.32,0.23,0.00
SCd,S,Cd,s1,19.96,-0.01,0.00
SHg,S,Hg,s1,20.84,0.53,0.00
SeZn,Se,Zn,s1,18.91,0.21,0.00
SeCd,Se,Cd,s1,22.48,-0.04,0.00
SeHg,Se,Hg,s1,23.54,0.36,0.00
TeZn,Te,Zn,s1,23.04,0.29,0.00
TeCd,Te,Cd,s1,27.20,0.06,0.00
TeHg,Te,Hg,s1,27.64,0.25,0.00
BN,B,N,s1,6.27,-0.10,0.00
BAs,B,As,s1,12.64,1.51,0.00
BSb,B,Sb,s1,16.33,1.51,0.00
BBi,B,Bi,s1,18.99,1.59,0.00
AlP,Al,P,s1,15.23,0.13,0.00
AlAs,Al,As,s1,17.86,0.13,0.00
AlSb,Al,Sb,s1,22.55,0.22,0.00
AlBi,Al,Bi,s1,25.56,0.28,0.00
GaP,Ga,P,s1,16.61,0.31,0.00
GaAs,Ga,As,s1,18.92,0.17,0.00
GaSb,Ga,Sb,s1,23.52,0.12,0.00
GaBi,Ga,Bi,s1,25.92,0.10,0.00
InN,In,N,s1,13.09,-1.46,0.00
InP,In,P,s1,20.76,0.36,0.00
InAs,In,As,s1,22.78,0.16,0.00
InSb,In,Sb,s1,27.59,0.09,0.00
InBi,In,Bi,s1,29.65,0.05,0.00
TlN,Tl,N,s1,15.65,-0.88,0.00
TlP,Tl,P,s1,23.06,0.59,0.00
TlAs,Tl,As,s1,24.99,0.32,0.00
TlSb,Tl,Sb,s1,29.82,0.17,0.00
TlBi,Tl,Bi,s1,31.44,0.09,0.00
CSi,C,Si,s1,9.25,1.87,0.00
CGe,C,Ge,s1,11.72,2.11,0.00
CSn,C,Sn,s1,14.90,2.06,0.00
SiGe,Si,Ge,s1,17.08,0.51,0.00
SiSn,Si,Sn,s1,21.26,0.47,0.00
GeSn,Ge,Sn,s1,23.32,0.22,0.00
SnZn,Sn,Zn,s1,22.24,0.23,0.00
GaCo,Ga,Co,s1,11.83,-0.32,0.00
VCr,V,Cr,s1,12.30,-0.04,0.00
CuAu,Cu,Au,s1,15.00,0.13,0.00
BiSn,Bi,Sn,s1,29.71,0.10,0.00
CuNi,Cu,Ni,s1,11.43,0.42,0.00
NiCo,Ni,Co,s1,10.54,0.29,0.00
FeCr,Fe,Cr,s1,10.83,0.22,0.00
NaK,Na,K,s1,25.90,-1.74,2.91
FeNi,Fe,Ni,s1,10.67,0.54,0.00
PdFe,Pd,Fe,s1,11.75,0.10,0.00
CeCo,Ce,Co,s1,22.04,0.11,0.00
CrW,Cr,W,s1,13.82,-0.02,0.00
AlNi,Al,Ni,s1,12.08,-0.51,0.00
NiMg,Ni,Mg,s1,14.00,0.01,0.00
CrNi,Cr,Ni,s1,11.03,0.21,0.00
MgMn,Mg,Mn,s1,16.93,0.33,0.00
NaLi,Na,Li,s1,28.83,0.06,0.00
KLi,K,Li,s1,45.23,0.18,0.00
ZrHo,Zr,Ho,s2,28.83,0.99,0.00
NP,N,P,s2,10.24,-1.50,1.20
ClNd,Cl,Nd,s2,24.29,-1.22,0.00
AgPm,Ag,Pm,s2,29.44,-0.05,0.00
TeSc,Te,Sc,s2,25.61,-1.06,0.00
PbCu,Pb,Cu,s2,22.14,0.53,0.00
CsBe,Cs,Be,s2,53.03,1.36,0.00
YRu,Y,Ru,s2,22.04,0.38,0.00
TlMn,Tl,Mn,s2,22.32,0.74,0.00
BaRe,Ba,Re,s2,35.82,2.32,0.00
ScYb,Sc,Yb,s2,32.08,0.82,0.00
CaFe,Ca,Fe,s2,25.86,1.09,0.00
ZrNd,Zr,Nd,s2,30.65,0.98,0.00
SbCe,Sb,Ce,s2,34.31,-1.20,0.30
ScAg,Sc,Ag,s2,22.92,0.08,0.00
TcPd,Tc,Pd,s2,17.63,1.16,0.00
CaSb,Ca,Sb,s2,32.92,-0.64,0.00
MgI,Mg,I,s2,33.79,-0.31,0.00
GaAu,Ga,Au,s2,19.62,-0.20,0.00
ZrYb,Zr,Yb,s2,29.14,1.20,0.00
SbRh,Sb,Rh,s2,19.91,-0.10,0.00
SmDy,Sm,Dy,s2,34.50,0.72,0.00
SnW,Sn,W,s2,21.27,1.43,0.00
BeAl,Be,Al,s2,14.89,0.71,0.00
NiY,Ni,Y,s2,21.50,-0.06,0.00
CaBr,Ca,Br,s2,28.37,-1.19,0.00
NaTa,Na,Ta,s2,27.03,4.73,4.10
TlTa,Tl,Ta,s2,23.07,1.25,0.00
SbYb,Sb,Yb,s2,32.28,-0.64,0.00
BeMg,Be,Mg,s2,18.14,0.85,0.00
CuTm,Cu,Tm,s2,22.74,0.13,0.00
GaY,Ga,Y,s2,26.00,-0.30,0.00
ScPm,Sc,Pm,s2,31.77,0.75,0.00
BaGd,Ba,Gd,s2,45.21,0.82,0.00
SrTb,Sr,Tb,s2,43.70,0.86,0.00
CBi,C,Bi,s2,16.92,1.69,0.00
CdHo,Cd,Ho,s2,29.44,0.01,0.00
WHg,W,Hg,s2,20.85,1.91,0.00
NEu,N,Eu,s2,15.86,-4.17,0.06
InHf,In,Hf,s2,24.84,0.40,0.00
AlLu,Al,Lu,s2,25.60,0.16,0.00
EuLu,Eu,Lu,s2,33.89,0.76,0.00
NdHo,Nd,Ho,s2,34.30,0.68,0.00
SrNd,Sr,Nd,s2,44.23,0.76,0.00
ClIr,Cl,Ir,s2,16.46,1.37,0.00
AlC,Al,C,s2,9.73,0.49,0.00
RbGa,Rb,Ga,s2,37.62,-1.42,4.83
SnTa,Sn,Ta,s2,22.52,0.72,0.00
CrPm,Cr,Pm,s2,28.15,0.96,0.00
SbHf,Sb,Hf,s2,24.48,-0.31,0.00
BiCd,Bi,Cd,s2,29.82,0.09,0.00
CdEr,Cd,Er,s2,29.07,0.02,0.00
TcCe,Tc,Ce,s2,25.70,1.11,0.00
VY,V,Y,s2,26.15,1.11,0.00
GeCl,Ge,Cl,s2,24.77,0.13,0.00
TaTm,Ta,Tm,s2,25.66,1.50,0.00
CaGd,Ca,Gd,s2,38.56,0.73,0.00
GaCe,Ga,Ce,s2,30.78,-0.25,0.00
BaHg,Ba,Hg,s2,44.95,-0.40,0.00
BiZr,Bi,Zr,s2,27.07,-0.15,0.00
LiRu,Li,Ru,s2,12.51,1.05,0.00
BrPd,Br,Pd,s2,20.78,0.07,0.00
BSm,B,Sm,s2,20.70,0.47,0.00
HfPt,Hf,Pt,s2,20.41,-0.86,0.00
PbF,Pb,F,s2,20.90,-1.38,0.00
SrLa,Sr,La,s2,45.21,0.70,0.00
HgYb,Hg,Yb,s2,30.44,-0.51,0.00
BeCa,Be,Ca,s2,26.31,0.72,0.00
TlHo,Tl,Ho,s2,30.14,-0.02,0.00
KTb,K,Tb,s2,32.58,-0.61,5.04
IPm,I,Pm,s2,32.07,-0.61,0.00
IRe,I,Re,s2,21.48,2.15,0.00
TcTm,Tc,Tm,s2,21.82,0.85,0.00
AsI,As,I,s2,29.34,0.53,0.00
LiF,Li,F,s2,8.44,-2.99,8.79
LiCl,Li,Cl,s2,17.09,-1.82,6.26
LiBr,Li,Br,s2,20.95,-1.55,4.91
LiI,Li,I,s2,27.30,-1.20,4.24
NaF,Na,F,s2,27.03,-1.52,4.10
NaCl,Na,Cl,s2,27.03,-1.50,4.10
NaBr,Na,Br,s2,27.03,-1.60,4.10
NaI,Na,I,s2,27.03,-1.66,4.10
KF,K,F,s2,32.58,-1.99,5.04
KCl,K,Cl,s2,32.58,-1.97,5.04
KBr,K,Br,s2,32.58,-2.07,5.04
KI,K,I,s2,32.58,-2.13,5.04
RbF,Rb,F,s2,37.62,-1.98,4.83
RbCl,Rb,Cl,s2,37.62,-1.96,4.83
RbBr,Rb,Br,s2,37.62,-2.06,4.83
RbI,Rb,I,s2,37.62,-2.12,4.83
CsF,Cs,F,s2,28.54,-2.66,5.27
CsCl,Cs,Cl,s2,44.30,-1.98,4.83
CsBr,Cs,Br,s2,50.54,-1.81,4.26
CsI,Cs,I,s2,60.74,-1.57,3.86
FCu,F,Cu,s2,12.08,-0.63,0.00
FAg,F,Ag,s2,15.82,-0.98,0.00
FAu,F,Au,s2,16.03,-0.20,0.00
ClCu,Cl,Cu,s2,16.99,-0.03,0.25
ClAg,Cl,Ag,s2,22.05,-0.43,0.92
ClAu,Cl,Au,s2,21.82,0.22,0.00
BrCu,Br,Cu,s2,19.74,0.10,0.11
BrAg,Br,Ag,s2,24.90,-0.33,0.69
BrAu,Br,Au,s2,24.28,0.21,0.00
ICu,I,Cu,s2,23.62,0.26,0.00
IAg,I,Ag,s2,29.16,-0.18,0.72
IAu,I,Au,s2,27.52,0.17,0.00
BeO,Be,O,s2,6.07,-2.30,8.16
BeS,Be,S,s2,12.40,-0.50,1.00
BeSe,Be,Se,s2,14.91,-0.25,0.05
BeTe,Be,Te,s2,19.27,0.15,0.00
MgO,Mg,O,s2,9.58,-2.74,4.49
MgS,Mg,S,s2,17.82,-1.43,2.75
MgSe,Mg,Se,s2,20.84,-1.23,1.75
MgTe,Mg,Te,s2,26.64,-0.81,0.43
CaO,Ca,O,s2,14.15,-2.98,3.64
CaS,Ca,S,s2,23.38,-2.16,2.38
CaSe,Ca,Se,s2,26.54,-2.03,2.08
CaTe,Ca,Te,s2,32.76,-1.65,1.56
SrO,Sr,O,s2,17.64,-2.75,3.29
SrS,Sr,S,s2,27.87,-2.15,2.50
SrSe,Sr,Se,s2,31.30,-2.07,2.23
SrTe,Sr,Te,s2,38.02,-1.75,1.77
BaO,Ba,O,s2,22.12,-2.50,2.10
BaS,Ba,S,s2,33.67,-2.08,2.16
BaSe,Ba,Se,s2,37.35,-2.05,1.95
BaTe,Ba,Te,s2,44.54,-1.79,1.60
SnO,Sn,O,s2,16.57,-0.88,1.01
SnS,Sn,S,s2,24.83,-0.41,0.54
SnSe,Sn,Se,s2,27.60,-0.44,0.52
SnTe,Sn,Te,s2,32.76,-0.29,0.04
PbO,Pb,O,s2,17.92,-0.99,0.54
PbS,Pb,S,s2,26.99,-0.55,0.48
PbSe,Pb,Se,s2,29.91,-0.57,0.42
PbTe,Pb,Te,s2,35.28,-0.41,0.83
OZn,O,Zn,s2,10.22,-1.23,0.69
OCd,O,Cd,s2,13.68,-1.05,0.00
OHg,O,Hg,s2,15.06,-0.14,0.00
SZn,S,Zn,s2,16.65,-0.41,0.00
SCd,S,Cd,s2,20.85,-0.52,0.25
SHg,S,Hg,s2,21.70,0.06,0.00
SeZn,Se,Zn,s2,19.38,-0.32,0.00
SeCd,Se,Cd,s2,23.72,-0.49,0.00
SeHg,Se,Hg,s2,24.50,-0.03,0.00
TeZn,Te,Zn,s2,24.14,-0.09,0.00
TeCd,Te,Cd,s2,28.81,-0.30,0.00
TeHg,Te,Hg,s2,29.17,0.01,0.00
BN,B,N,s2,5.37,-2.07,1.32
BP,B,P,s2,9.86,0.75,0.00
BAs,B,As,s2,12.51,0.97,0.00
BSb,B,Sb,s2,16.09,1.05,0.00
BBi,B,Bi,s2,18.74,1.25,0.00
AlN,Al,N,s2,8.43,-3.85,4.42
AlP,Al,P,s2,16.24,-0.33,0.00
AlAs,Al,As,s2,18.55,-0.20,0.00
AlSb,Al,Sb,s2,23.95,0.09,0.00
AlBi,Al,Bi,s2,27.02,0.25,0.00
GaN,Ga,N,s2,9.78,-2.67,0.52
GaP,Ga,P,s2,17.31,0.03,0.00
GaAs,Ga,As,s2,19.88,0.00,0.00
GaSb,Ga,Sb,s2,24.76,0.06,0.00
GaBi,Ga,Bi,s2,27.22,0.11,0.00
InN,In,N,s2,13.19,-2.35,0.00
InP,In,P,s2,21.44,0.05,0.00
InAs,In,As,s2,23.98,-0.02,0.00
InSb,In,Sb,s2,29.55,0.04,0.00
InBi,In,Bi,s2,31.89,0.07,0.00
TlN,Tl,N,s2,15.61,-1.46,0.00
TlP,Tl,P,s2,24.09,0.46,0.00
TlAs,Tl,As,s2,26.51,0.26,0.00
TlSb,Tl,Sb,s2,31.65,0.21,0.00
TlBi,Tl,Bi,s2,33.64,0.18,0.00
CSi,C,Si,s2,8.43,0.53,0.00
CGe,C,Ge,s2,10.47,1.30,0.00
CSn,C,Sn,s2,13.60,1.28,0.00
SiGe,Si,Ge,s2,18.41,0.40,0.00
SiSn,Si,Sn,s2,22.96,0.39,0.00
GeSn,Ge,Sn,s2,24.80,0.18,0.00
AlTi,Al,Ti,s2,18.45,0.29,0.00
CuMg,Cu,Mg,s2,18.58,0.46,0.00
NiMo,Ni,Mo,s2,14.69,0.95,0.00
AlSc,Al,Sc,s2,22.60,0.16,0.00
CdPb,Cd,Pb,s2,30.34,0.14,0.00
PdPt,Pd,Pt,s2,18.00,0.53,0.00
AgAu,Ag,Au,s2,20.88,0.22,0.00
SnSb,Sn,Sb,s2,29.42,-0.01,0.00
PtFe,Pt,Fe,s2,15.89,0.48,0.00
CuAg,Cu,Ag,s2,17.29,0.61,0.00
PbSb,Pb,Sb,s2,32.16,0.08,0.00
SnCd,Sn,Cd,s2,27.79,0.12,0.00
NaK,Na,K,s2,27.03,-1.90,4.10
LiF,Li,F,s3,10.33,-2.98,7.67
LiCl,Li,Cl,s3,21.02,-1.84,5.97
LiBr,Li,Br,s3,25.66,-1.58,4.94
LiI,Li,I,s3,33.55,-1.24,4.38
NaF,Na,F,s3,35.99,-1.47,4.20
NaCl,Na,Cl,s3,35.99,-1.45,4.20
NaBr,Na,Br,s3,35.99,-1.55,4.20
NaI,Na,I,s3,35.99,-1.61,4.20
KF,K,F,s3,44.47,-1.90,4.72
KCl,K,Cl,s3,44.47,-1.87,4.72
KBr,K,Br,s3,44.47,-1.97,4.72
KI,K,I,s3,44.47,-2.03,4.72
RbF,Rb,F,s3,51.26,-1.89,4.48
RbCl,Rb,Cl,s3,51.26,-1.86,4.48
RbBr,Rb,Br,s3,51.26,-1.97,4.48
RbI,Rb,I,s3,51.26,-2.02,4.48
CsF,Cs,F,s3,35.48,-2.59,4.60
CsCl,Cs,Cl,s3,59.63,-1.89,4.34
CsBr,Cs,Br,s3,68.65,-1.72,3.99
CsI,Cs,I,s3,83.35,-1.48,3.74
FCu,F,Cu,s3,14.62,-0.63,0.00
FAg,F,Ag,s3,20.34,-0.91,0.21
FAu,F,Au,s3,20.82,-0.09,0.00
ClCu,Cl,Cu,s3,20.10,-0.20,0.54
ClAg,Cl,Ag,s3,27.74,-0.45,1.30
ClAu,Cl,Au,s3,27.27,0.15,0.00
BrCu,Br,Cu,s3,23.48,-0.07,0.46
BrAg,Br,Ag,s3,31.21,-0.36,1.14
BrAu,Br,Au,s3,30.57,0.13,0.00
ICu,I,Cu,s3,28.30,0.03,1.14
IAg,I,Ag,s3,36.27,-0.28,1.37
IAu,I,Au,s3,34.64,0.06,0.00
BeO,Be,O,s3,7.05,-2.77,7.40
BeS,Be,S,s3,14.53,-1.05,4.11
BeSe,Be,Se,s3,17.43,-0.78,3.39
BeTe,Be,Te,s3,22.84,-0.34,2.31
MgO,Mg,O,s3,12.19,-2.67,3.42
MgS,Mg,S,s3,23.08,-1.42,3.44
MgSe,Mg,Se,s3,26.91,-1.25,2.59
MgTe,Mg,Te,s3,34.45,-0.87,2.37
CaO,Ca,O,s3,16.74,-2.91,3.12
CaS,Ca,S,s3,28.35,-2.04,2.91
CaSe,Ca,Se,s3,32.34,-1.91,2.54
CaTe,Ca,Te,s3,40.16,-1.53,2.07
SrO,Sr,O,s3,20.77,-2.69,2.60
SrS,Sr,S,s3,33.71,-2.03,2.80
SrSe,Sr,Se,s3,38.20,-1.94,2.34
SrTe,Sr,Te,s3,46.81,-1.62,2.26
BaO,Ba,O,s3,27.00,-2.47,2.18
BaS,Ba,S,s3,40.52,-1.98,2.61
BaSe,Ba,Se,s3,45.22,-1.94,2.39
BaTe,Ba,Te,s3,54.62,-1.67,2.00
SnO,Sn,O,s3,20.34,-0.91,1.44
SnS,Sn,S,s3,30.96,-0.32,1.46
SnSe,Sn,Se,s3,34.53,-0.35,1.31
SnTe,Sn,Te,s3,41.57,-0.17,0.87
PbO,Pb,O,s3,22.00,-1.01,2.02
PbS,Pb,S,s3,33.07,-0.47,1.92
PbSe,Pb,Se,s3,36.80,-0.50,1.69
PbTe,Pb,Te,s3,48.67,-0.26,1.46
OZn,O,Zn,s3,12.40,-1.37,0.71
OCd,O,Cd,s3,17.07,-1.04,0.00
OHg,O,Hg,s3,18.70,-0.18,0.00
SZn,S,Zn,s3,20.23,-0.72,2.08
SCd,S,Cd,s3,26.17,-0.65,1.09
SHg,S,Hg,s3,27.05,-0.12,0.00
SeZn,Se,Zn,s3,23.71,-0.62,1.18
SeCd,Se,Cd,s3,29.97,-0.63,0.52
SeHg,Se,Hg,s3,30.89,-0.19,0.00
TeZn,Te,Zn,s3,29.58,-0.38,1.10
TeCd,Te,Cd,s3,36.21,-0.47,0.62
TeHg,Te,Hg,s3,36.89,-0.15,0.00
BN,B,N,s3,5.97,-3.80,6.01
BP,B,P,s3,11.76,-0.39,1.33
BAs,B,As,s3,13.96,0.01,1.26
BSb,B,Sb,s3,18.35,0.39,0.92
BBi,B,Bi,s3,21.21,0.85,0.00
AlN,Al,N,s3,10.65,-4.02,4.03
AlP,Al,P,s3,20.86,-0.60,2.07
AlAs,Al,As,s3,23.55,-0.47,1.64
AlSb,Al,Sb,s3,30.38,-0.14,0.88
AlBi,Al,Bi,s3,33.62,0.11,0.00
GaN,Ga,N,s3,12.07,-3.07,1.62
GaP,Ga,P,s3,21.20,-0.38,1.23
GaAs,Ga,As,s3,23.96,-0.33,0.17
GaSb,Ga,Sb,s3,30.31,-0.14,0.00
GaBi,Ga,Bi,s3,33.70,0.04,0.00
InN,In,N,s3,16.57,-2.49,0.00
InP,In,P,s3,27.00,-0.19,0.45
InAs,In,As,s3,29.97,-0.22,0.00
InSb,In,Sb,s3,36.73,-0.10,0.00
InBi,In,Bi,s3,40.27,0.02,0.00
TlN,Tl,N,s3,19.37,-1.58,0.00
TlP,Tl,P,s3,30.21,0.33,0.00
TlAs,Tl,As,s3,33.29,0.19,0.00
TlSb,Tl,Sb,s3,40.01,0.19,0.00
TlBi,Tl,Bi,s3,43.26,0.23,0.00
CSi,C,Si,s3,10.53,-0.20,2.93
CGe,C,Ge,s3,12.40,0.49,2.40
CSn,C,Sn,s3,16.49,0.82,0.79
SiGe,Si,Ge,s3,22.12,0.07,0.30
SiSn,Si,Sn,s3,28.08,0.19,0.04
GeSn,Ge,Sn,s3,30.26,0.06,0.00
LiAl,Li,Al,s3,23.35,0.57,0.00
NiCo,Ni,Co,s3,14.49,1.34,0.00
AlSc,Al,Sc,s3,29.64,0.62,0.00
CuNi,Cu,Ni,s3,16.12,1.29,0.00
FeNi,Fe,Ni,s3,14.43,1.51,0.00
NiTi,Ni,Ti,s3,17.84,0.55,0.00
AlTi,Al,Ti,s3,23.85,0.84,0.00
AlNi,Al,Ni,s3,19.14,0.63,0.00
CuMg,Cu,Mg,s3,25.65,0.87,0.00
NiMg,Ni,Mg,s3,20.46,0.78,0.00
BeAl,Be,Al,s3,17.28,0.71,0.00
PbSn,Pb,Sn,s3,40.38,0.21,0.00
SnCd,Sn,Cd,s3,33.21,0.20,0.00
CdPb,Cd,Pb,s3,35.95,0.23,0.00
CrNi,Cr,Ni,s3,15.06,1.35,0.00
FeCr,Fe,Cr,s3,14.12,1.17,0.00
NiMo,Ni,Mo,s3,17.63,1.26,0.00
CoMo,Co,Mo,s3,17.00,0.97,0.00
CrW,Cr,W,s3,18.25,1.54,0.00
CrMo,Cr,Mo,s3,19.48,2.08,0.00
SnDy,Sn,Dy,s3,38.17,-0.14,0.00
ScDy,Sc,Dy,s3,39.02,1.33,0.00
CaAl,Ca,Al,s3,44.02,0.85,0.00
BiHf,Bi,Hf,s3,37.11,0.73,0.00
EuGd,Eu,Gd,s3,45.92,1.24,0.00
ScHf,Sc,Hf,s3,32.03,1.70,0.00
SiMo,Si,Mo,s3,18.80,0.29,0.08
SnY,Sn,Y,s3,38.22,-0.18,0.00
NiEr,Ni,Er,s3,24.90,0.22,0.00
SFe,S,Fe,s3,15.12,-0.20,0.00
GdLu,Gd,Lu,s3,43.54,1.26,0.00
HgPr,Hg,Pr,s3,42.49,0.28,0.00
ZnGd,Zn,Gd,s3,34.26,0.68,0.00
InLu,In,Lu,s3,40.93,0.74,0.00
GaI,Ga,I,s3,51.55,-0.27,2.63
BaRh,Ba,Rh,s3,35.00,0.68,0.00
ZnNd,Zn,Nd,s3,36.54,0.65,0.00
NaW,Na,W,s3,35.99,5.15,4.20
BrIr,Br,Ir,s3,17.97,1.04,0.00
InPb,In,Pb,s3,37.86,0.25,0.00
GdYb,Gd,Yb,s3,35.17,0.23,0.00
MgAg,Mg,Ag,s3,29.97,0.43,0.00
AsFe,As,Fe,s3,14.40,0.24,0.00
PbLu,Pb,Lu,s3,37.47,0.10,0.00
AlTm,Al,Tm,s3,37.49,0.98,0.00
TbLu,Tb,Lu,s3,43.28,1.26,0.00
SiV,Si,V,s3,18.01,0.30,0.00
NbOs,Nb,Os,s3,21.63,0.81,0.00
IrCe,Ir,Ce,s3,33.52,0.23,1.26
ZrPr,Zr,Pr,s3,40.03,1.59,0.00
HoEr,Ho,Er,s3,43.72,1.26,0.00
WSm,W,Sm,s3,31.41,2.43,0.00
AuEr,Au,Er,s3,33.34,-0.30,0.00
BeSb,Be,Sb,s3,21.70,0.29,0.00
SnTc,Sn,Tc,s3,24.28,0.94,0.00
BaLu,Ba,Lu,s3,59.44,1.24,0.00
BrRh,Br,Rh,s3,22.97,0.50,0.00
PBr,P,Br,s3,37.57,0.98,0.00
PtPr,Pt,Pr,s3,32.20,-0.71,0.00
CaSi,Ca,Si,s3,39.02,0.75,0.00
ZrPt,Zr,Pt,s3,27.13,-0.27,0.00
NaAl,Na,Al,s3,35.99,-0.49,4.20
MgIn,Mg,In,s3,33.42,0.29,0.00
ClI,Cl,I,s3,46.84,0.01,0.85
PrEu,Pr,Eu,s3,48.14,1.21,0.00
CsIr,Cs,Ir,s3,34.72,2.44,0.00
AlRe,Al,Re,s3,19.68,1.17,0.00
INi,I,Ni,s3,24.61,0.28,0.00
KIn,K,In,s3,44.47,-1.52,4.72
PmLu,Pm,Lu,s3,43.74,1.23,0.00
InPt,In,Pt,s3,28.10,0.06,0.00
KRh,K,Rh,s3,44.47,0.40,4.72
BC,B,C,s3,6.74,0.48,0.00
TiNb,Ti,Nb,s3,23.47,1.63,0.00
BiRe,Bi,Re,s3,29.96,2.03,0.00
YTa,Y,Ta,s3,33.19,2.17,0.00
CuTc,Cu,Tc,s3,17.76,1.81,0.00
VIr,V,Ir,s3,18.78,0.44,0.00
AgEr,Ag,Er,s3,34.25,0.44,0.00
InS,In,S,s3,27.99,-0.35,0.00
CPd,C,Pd,s3,13.11,1.23,0.00
InC,In,C,s3,17.97,1.49,0.00
BeNd,Be,Nd,s3,31.82,1.19,0.00
PSc,P,Sc,s3,23.14,-1.23,0.00
GeHf,Ge,Hf,s3,24.89,-0.22,0.00
RhTm,Rh,Tm,s3,25.61,-0.28,0.33
ClRu,Cl,Ru,s3,15.81,0.59,0.00
SrY,Sr,Y,s3,57.71,1.30,0.00
BeSn,Be,Sn,s3,21.72,0.56,0.00
TlSi,Tl,Si,s3,30.60,0.79,0.00
PbPt,Pb,Pt,s3,29.53,0.15,0.00
HgTb,Hg,Tb,s3,38.59,0.30,0.00
LiF,Li,F,s4,10.39,-2.96,7.64
LiCl,Li,Cl,s4,21.07,-1.84,5.94
LiBr,Li,Br,s4,25.62,-1.57,4.93
LiI,Li,I,s4,33.31,-1.24,4.38
NaF,Na,F,s4,35.84,-1.46,4.19
NaCl,Na,Cl,s4,35.84,-1.44,4.19
NaBr,Na,Br,s4,35.84,-1.54,4.19
NaI,Na,I,s4,35.84,-1.60,4.19
KF,K,F,s4,44.49,-1.89,4.71
KCl,K,Cl,s4,44.49,-1.87,4.71
KBr,K,Br,s4,44.49,-1.97,4.71
KI,K,I,s4,44.49,-2.03,4.71
RbF,Rb,F,s4,51.32,-1.88,4.44
RbCl,Rb,Cl,s4,51.32,-1.86,4.44
RbBr,Rb,Br,s4,51.32,-1.96,4.44
RbI,Rb,I,s4,51.32,-2.02,4.44
CsF,Cs,F,s4,35.30,-2.59,4.67
CsCl,Cs,Cl,s4,59.55,-1.88,4.33
CsBr,Cs,Br,s4,69.49,-1.72,3.95
CsI,Cs,I,s4,82.55,-1.47,3.73
FCu,F,Cu,s4,14.55,-0.64,0.00
FAg,F,Ag,s4,20.27,-0.91,0.22
FAu,F,Au,s4,20.73,-0.09,0.00
ClCu,Cl,Cu,s4,20.15,-0.21,0.51
ClAg,Cl,Ag,s4,27.64,-0.45,1.29
ClAu,Cl,Au,s4,27.30,0.15,0.00
BrCu,Br,Cu,s4,23.43,-0.07,0.44
BrAg,Br,Ag,s4,31.17,-0.36,1.12
BrAu,Br,Au,s4,30.56,0.13,0.00
ICu,I,Cu,s4,28.03,0.03,1.13
IAg,I,Ag,s4,36.22,-0.28,1.34
IAu,I,Au,s4,34.61,0.05,0.00
BeO,Be,O,s4,7.04,-2.77,6.84
BeS,Be,S,s4,14.48,-1.06,3.14
BeSe,Be,Se,s4,17.32,-0.79,2.66
BeTe,Be,Te,s4,22.82,-0.36,2.03
MgO,Mg,O,s4,12.23,-2.63,3.48
MgS,Mg,S,s4,23.10,-1.41,3.37
MgSe,Mg,Se,s4,26.92,-1.25,2.54
MgTe,Mg,Te,s4,34.44,-0.87,2.32
CaO,Ca,O,s4,18.09,-2.80,3.26
CaS,Ca,S,s4,31.37,-1.89,3.63
CaSe,Ca,Se,s4,35.79,-1.77,3.16
CaTe,Ca,Te,s4,45.07,-1.40,3.06
SrO,Sr,O,s4,22.29,-2.60,2.46
SrS,Sr,S,s4,37.11,-1.88,3.03
SrSe,Sr,Se,s4,42.26,-1.79,2.69
SrTe,Sr,Te,s4,52.60,-1.47,2.73
BaO,Ba,O,s4,27.10,-2.44,2.26
BaS,Ba,S,s4,44.28,-1.85,2.74
BaSe,Ba,Se,s4,50.01,-1.80,2.49
BaTe,Ba,Te,s4,60.72,-1.52,2.56
SnO,Sn,O,s4,20.26,-0.87,0.00
SnS,Sn,S,s4,34.57,-0.17,0.15
SnSe,Sn,Se,s4,38.71,-0.21,0.03
SnTe,Sn,Te,s4,47.12,-0.04,0.09
PbO,Pb,O,s4,22.50,-0.97,0.47
PbS,Pb,S,s4,36.53,-0.36,0.83
PbSe,Pb,Se,s4,40.77,-0.39,0.65
PbTe,Pb,Te,s4,49.50,-0.22,0.64
OZn,O,Zn,s4,12.42,-1.36,0.61
OCd,O,Cd,s4,17.03,-1.03,0.00
OHg,O,Hg,s4,18.66,-0.18,0.00
SZn,S,Zn,s4,20.32,-0.73,1.98
SCd,S,Cd,s4,26.15,-0.65,1.03
SHg,S,Hg,s4,27.00,-0.12,0.00
SeZn,Se,Zn,s4,23.66,-0.63,1.14
SeCd,Se,Cd,s4,29.98,-0.64,0.48
SeHg,Se,Hg,s4,30.98,-0.20,0.00
TeZn,Te,Zn,s4,29.49,-0.39,1.07
TeCd,Te,Cd,s4,36.15,-0.47,0.59
TeHg,Te,Hg,s4,36.78,-0.16,0.00
BN,B,N,s4,5.96,-3.83,4.45
BP,B,P,s4,11.77,-0.41,1.25
BAs,B,As,s4,13.99,-0.02,1.21
BSb,B,Sb,s4,18.45,0.37,0.76
BBi,B,Bi,s4,21.30,0.82,0.07
AlN,Al,N,s4,10.69,-4.00,3.31
AlP,Al,P,s4,20.84,-0.61,1.63
AlAs,Al,As,s4,23.54,-0.48,1.50
AlSb,Al,Sb,s4,30.36,-0.16,1.21
AlBi,Al,Bi,s4,33.54,0.08,0.00
GaN,Ga,N,s4,12.08,-3.07,1.46
GaP,Ga,P,s4,21.19,-0.40,1.51
GaAs,Ga,As,s4,23.88,-0.35,0.16
GaSb,Ga,Sb,s4,29.98,-0.17,0.00
GaBi,Ga,Bi,s4,33.59,0.00,0.00
InN,In,N,s4,16.60,-2.48,0.00
InP,In,P,s4,26.99,-0.20,0.38
InAs,In,As,s4,29.98,-0.24,0.00
InSb,In,Sb,s4,36.66,-0.13,0.00
InBi,In,Bi,s4,39.95,0.00,0.00
TlN,Tl,N,s4,19.37,-1.59,0.00
TlP,Tl,P,s4,29.98,0.30,0.00
TlAs,Tl,As,s4,33.16,0.16,0.00
TlSb,Tl,Sb,s4,40.00,0.16,0.00
TlBi,Tl,Bi,s4,43.22,0.19,0.00
CSi,C,Si,s4,10.51,-0.21,1.37
CGe,C,Ge,s4,12.44,0.47,1.64
CSn,C,Sn,s4,16.57,0.81,0.59
SiGe,Si,Ge,s4,22.10,0.04,0.61
SiSn,Si,Sn,s4,28.12,0.16,0.36
GeSn,Ge,Sn,s4,30.20,0.02,0.00
SnAl,Sn,Al,s4,31.27,0.32,0.00
CuAu,Cu,Au,s4,23.57,0.86,0.00
CuAg,Cu,Ag,s4,23.86,1.12,0.00
AgAu,Ag,Au,s4,30.21,0.64,0.00
SnZn,Sn,Zn,s4,29.55,0.45,0.00
AlZn,Al,Zn,s4,25.30,0.71,0.00
AlGa,Al,Ga,s4,26.35,0.50,0.00
BiSn,Bi,Sn,s4,44.43,0.21,0.00
NiPd,Ni,Pd,s4,20.06,1.31,0.00
NiPt,Ni,Pt,s4,19.94,1.16,0.00
PdPt,Pd,Pt,s4,24.13,1.15,0.00
PdFe,Pd,Fe,s4,18.58,1.52,0.00
PtFe,Pt,Fe,s4,18.80,1.01,0.00
SnSb,Sn,Sb,s4,41.15,0.18,0.00
CeCo,Ce,Co,s4,28.85,0.88,0.17
GaCo,Ga,Co,s4,18.62,0.77,0.00
CeZr,Ce,Zr,s4,36.12,2.03,0.00
NaK,Na,K,s4,35.84,-1.84,4.19
KLi,K,Li,s4,68.91,0.51,0.00
AlV,Al,V,s4,24.09,1.89,0.00
VCr,V,Cr,s4,17.58,2.32,0.00
PbSb,Pb,Sb,s4,44.53,0.22,0.00
RbPb,Rb,Pb,s4,51.32,-0.99,4.44
LiDy,Li,Dy,s4,35.81,1.27,0.00
IIr,I,Ir,s4,26.70,0.97,0.00
PbMo,Pb,Mo,s4,31.18,2.11,0.00
BiLu,Bi,Lu,s4,42.56,-0.26,1.50
GeTe,Ge,Te,s4,38.66,0.15,0.00
BaSm,Ba,Sm,s4,42.90,1.55,0.00
TeFe,Te,Fe,s4,22.70,0.45,0.00
ONb,O,Nb,s4,13.86,-1.30,0.00
TeCu,Te,Cu,s4,25.66,0.16,0.00
PrGd,Pr,Gd,s4,40.65,1.68,0.00
CrNi,Cr,Ni,s4,16.09,1.68,0.00
NiW,Ni,W,s4,19.03,1.83,0.00
COs,C,Os,s4,12.22,0.68,0.15
NEr,N,Er,s4,17.75,-4.15,1.88
NaSm,Na,Sm,s4,35.84,-0.04,4.19
KOs,K,Os,s4,44.49,3.40,4.71
EuTm,Eu,Tm,s4,41.35,1.86,0.00
CsNb,Cs,Nb,s4,31.50,3.19,0.00
BiTb,Bi,Tb,s4,45.06,-0.36,1.33
PbPd,Pb,Pd,s4,29.98,0.17,0.00
RbPr,Rb,Pr,s4,51.32,-0.41,4.44
BiCl,Bi,Cl,s4,40.67,0.33,0.00
NS,N,S,s4,14.41,-0.62,0.00
TiLa,Ti,La,s4,29.52,1.81,0.00
MnMo,Mn,Mo,s4,18.90,1.79,0.00
NY,N,Y,s4,18.36,-4.10,2.05
SeY,Se,Y,s4,32.71,-1.37,0.00
CdYb,Cd,Yb,s4,44.03,0.25,0.00
LiTa,Li,Ta,s4,20.01,2.80,0.00
CAs,C,As,s4,14.19,1.46,0.00
GeSb,Ge,Sb,s4,33.57,0.28,0.00
SW,S,W,s4,18.96,0.46,0.00
NiMo,Ni,Mo,s4,18.85,1.63,0.00
TiTb,Ti,Tb,s4,30.91,2.23,0.00
NbLa,Nb,La,s4,28.92,2.12,0.00
BaSi,Ba,Si,s4,51.29,0.72,0.00
TeEu,Te,Eu,s4,42.27,-0.89,0.00
LiNa,Li,Na,s4,41.08,0.48,0.00
KBa,K,Ba,s4,44.49,-1.83,4.71
LaHo,La,Ho,s4,46.20,1.61,0.00
KEu,K,Eu,s4,44.49,-0.48,4.71
PbTb,Pb,Tb,s4,44.34,0.42,0.00
KTc,K,Tc,s4,44.49,2.40,4.71
CFe,C,Fe,s4,9.50,0.51,0.47
GeZr,Ge,Zr,s4,29.03,0.24,0.11
ZnPm,Zn,Pm,s4,36.04,0.66,0.00
CoNi,Co,Ni,s4,15.53,1.58,0.00
LiPd,Li,Pd,s4,19.71,0.51,0.00
MnAg,Mn,Ag,s4,26.71,1.28,0.00
SbPd,Sb,Pd,s4,27.07,-0.04,0.00
VRh,V,Rh,s4,19.94,0.75,0.00
TiRh,Ti,Rh,s4,21.94,0.37,0.00
LiNd,Li,Nd,s4,37.78,1.17,0.00
SYb,S,Yb,s4,30.77,-1.94,3.22
CrAg,Cr,Ag,s4,21.90,2.33,0.00
PEu,P,Eu,s4,32.54,-1.06,1.49
CsCo,Cs,Co,s4,26.43,2.30,0.00
TeAu,Te,Au,s4,30.79,-0.02,0.00
CuZn,Cu,Zn,s4,21.53,0.92,0.00
TaIr,Ta,Ir,s4,24.11,0.47,0.00
NMo,N,Mo,s4,12.55,-2.71,0.00
GeDy,Ge,Dy,s4,34.69,0.12,0.00
FIr,F,Ir,s4,16.46,1.33,0.00
CdTa,Cd,Ta,s4,29.41,2.35,0.00
BiHg,Bi,Hg,s4,38.50,0.27,0.00
KSc,K,Sc,s4,44.49,0.38,4.71
NbDy,Nb,Dy,s4,31.39,2.62,0.00
MnPt,Mn,Pt,s4,18.85,0.94,0.00
SnPm,Sn,Pm,s4,45.21,0.23,0.00
BaV,Ba,V,s4,33.99,2.68,0.00
TeHf,Te,Hf,s4,33.58,0.22,0.00
TcAu,Tc,Au,s4,23.77,1.75,0.00
IrSm,Ir,Sm,s4,31.23,0.23,0.94
MnEu,Mn,Eu,s5,19.72,0.68,0.00
OsDy,Os,Dy,s5,19.67,0.03,0.00
FHo,F,Ho,s5,17.80,-1.44,0.00
GaTb,Ga,Tb,s5,23.07,-0.58,0.00
TeHg,Te,Hg,s5,27.71,0.25,0.00
CaCr,Ca,Cr,s5,18.62,1.40,0.00
TiCu,Ti,Cu,s5,14.44,0.18,0.00
SiGd,Si,Gd,s5,22.03,-0.48,0.00
RhAg,Rh,Ag,s5,15.71,0.36,0.00
CuTb,Cu,Tb,s5,21.18,-0.05,0.00
SbTc,Sb,Tc,s5,17.32,0.16,0.00
TlTc,Tl,Tc,s5,18.25,0.96,0.00
RuDy,Ru,Dy,s5,19.50,-0.28,0.00
LaHf,La,Hf,s5,28.11,0.30,0.00
PbV,Pb,V,s5,19.27,0.78,0.00
AlLa,Al,La,s5,27.43,-0.35,0.00
NaSb,Na,Sb,s5,25.79,-0.19,2.90
CuW,Cu,W,s5,14.02,0.56,0.00
SiNd,Si,Nd,s5,23.77,-0.43,0.00
ClW,Cl,W,s5,16.04,1.54,0.00
ScOs,Sc,Os,s5,16.65,-0.23,0.00
AsTi,As,Ti,s5,16.22,-0.54,0.00
InSc,In,Sc,s5,22.82,-0.38,0.00
TcRh,Tc,Rh,s5,14.06,-0.09,0.00
YOs,Y,Os,s5,19.75,0.06,0.00
KTe,K,Te,s5,28.06,-1.22,4.81
BiNb,Bi,Nb,s5,21.71,0.34,0.00
CsV,Cs,V,s5,31.16,2.25,0.00
AlFe,Al,Fe,s5,11.73,-0.26,0.00
NFe,N,Fe,s5,7.56,-1.82,0.00
SbBi,Sb,Bi,s5,29.52,0.18,0.00
TlSb,Tl,Sb,s5,30.34,0.05,0.00
AsMo,As,Mo,s5,15.23,-0.03,0.00
MgYb,Mg,Yb,s5,30.69,-0.04,0.00
CoIr,Co,Ir,s5,12.41,0.02,0.00
PLu,P,Lu,s5,19.59,-1.00,0.00
SrAs,Sr,As,s5,27.63,-0.86,0.00
KP,K,P,s5,28.06,-0.09,4.81
NaAu,Na,Au,s5,25.79,-0.65,2.90
RuW,Ru,W,s5,14.92,0.06,0.00
InHo,In,Ho,s5,26.38,-0.46,0.00
NaK,Na,K,s5,25.79,-1.74,2.90
GePm,Ge,Pm,s5,24.44,-0.64,0.00
BiTm,Bi,Tm,s5,28.73,-0.52,0.00
BS,B,S,s5,10.78,1.77,0.00
CRe,C,Re,s5,9.74,1.05,0.00
IPr,I,Pr,s5,30.24,-0.85,0.00
AlSm,Al,Sm,s5,24.86,-0.37,0.00
SeAu,Se,Au,s5,19.94,0.38,0.00
VCe,V,Ce,s5,23.38,0.86,0.00
WYb,W,Yb,s5,18.97,0.81,0.00
BeHg,Be,Hg,s5,15.57,0.60,0.00
LiCl,Li,Cl,s5,17.73,-1.53,4.36
BeTi,Be,Ti,s5,12.59,-0.11,0.00
AsNi,As,Ni,s5,13.93,0.15,0.00
KAu,K,Au,s5,27.87,-1.20,4.86
SbCr,Sb,Cr,s5,16.45,0.55,0.00
DyTm,Dy,Tm,s5,30.56,0.00,0.00
PtDy,Pt,Dy,s5,20.96,-1.14,0.00
PbSm,Pb,Sm,s5,29.51,-0.47,0.00
NaPb,Na,Pb,s5,25.79,-0.47,2.90
TlZr,Tl,Zr,s5,22.82,-0.04,0.00
LiW,Li,W,s5,15.26,0.65,0.00
VPm,V,Pm,s5,22.10,0.80,0.00
SiLa,Si,La,s5,24.89,-0.49,0.00
SeMo,Se,Mo,s5,15.61,0.10,0.00
SbNb,Sb,Nb,s5,19.92,-0.05,0.00
VNd,V,Nd,s5,22.39,0.82,0.00
BPm,B,Pm,s5,18.35,0.38,0.00
PZn,P,Zn,s5,15.56,0.48,0.00
SeCo,Se,Co,s5,13.77,0.30,0.00
ClRh,Cl,Rh,s5,15.39,0.67,0.00
LiP,Li,P,s5,13.50,-0.38,0.00
SrCl,Sr,Cl,s5,30.78,-1.27,0.00
GaC,Ga,C,s5,11.15,1.89,0.00
GeRe,Ge,Re,s5,14.57,0.32,0.00
NiCd,Ni,Cd,s5,15.36,0.20,0.00
RbHg,Rb,Hg,s5,31.46,-2.70,4.80
RhSm,Rh,Sm,s5,21.20,-0.65,0.00
GeRh,Ge,Rh,s5,14.54,-0.30,0.00
GaS,Ga,S,s5,17.40,-0.02,0.00
CSc,C,Sc,s5,11.91,0.43,0.00
TePm,Te,Pm,s5,28.63,-1.30,0.00
CoAu,Co,Au,s5,14.04,0.45,0.00
MgV,Mg,V,s5,16.51,0.51,0.00
SHg,S,Hg,s5,20.81,0.54,0.00
LaLu,La,Lu,s5,33.18,0.04,0.00
PTb,P,Tb,s5,21.15,-1.08,0.00
AuPm,Au,Pm,s5,25.04,-0.79,0.00
CsEu,Cs,Eu,s5,48.29,0.81,0.00
ZrPd,Zr,Pd,s5,18.48,-0.59,0.00
CaRh,Ca,Rh,s5,19.81,-0.20,0.00
AlYb,Al,Yb,s5,24.61,-0.15,0.00
AsPm,As,Pm,s5,24.56,-1.07,0.00
TiIr,Ti,Ir,s5,15.00,-0.81,0.00
CsB,Cs,B,s5,32.59,2.03,0.00
CaLu,Ca,Lu,s5,35.09,0.22,0.00
AsOs,As,Os,s5,14.76,0.48,0.00
AlGa,Al,Ga,s5,17.60,0.05,0.00
CrMo,Cr,Mo,s5,13.68,0.07,0.00
PbSb,Pb,Sb,s5,30.20,0.10,0.00
BeS,Be,S,s5,12.52,0.46,0.00
CaSe,Ca,Se,s5,24.36,-1.68,0.77
SnS,Sn,S,s5,22.08,-0.15,0.00
OZn,O,Zn,s5,9.76,-0.65,0.00
ClAu,Cl,Au,s5,19.98,0.36,0.00
MgSe,Mg,Se,s5,20.38,-0.67,0.00
ClAg,Cl,Ag,s5,19.99,-0.28,0.56
CuAg,Cu,Ag,s5,14.95,0.28,0.00
AgAu,Ag,Au,s5,17.79,-0.06,0.00
SrTe,Sr,Te,s5,34.06,-1.50,0.46
SeCd,Se,Cd,s5,22.56,-0.03,0.00
CsBr,Cs,Br,s5,41.26,-1.75,4.31
CrW,Cr,W,s5,13.76,0.04,0.00
SrSe,Sr,Se,s5,27.93,-1.79,1.35
SeZn,Se,Zn,s5,18.76,0.22,0.00
NaI,Na,I,s5,25.79,-1.50,2.90
CeCo,Ce,Co,s5,20.27,0.29,0.00
CuMg,Cu,Mg,s5,15.67,0.09,0.00
RbTa,Rb,Ta,s6,30.34,4.39,4.89
BW,B,W,s6,11.34,0.13,0.00
ScRe,Sc,Re,s6,17.34,0.25,0.00
ClTi,Cl,Ti,s6,20.15,-0.18,0.00
ZnHo,Zn,Ho,s6,25.10,0.15,0.00
SeRh,Se,Rh,s6,15.76,0.07,0.00
AsZn,As,Zn,s6,18.73,0.17,0.00
CsCu,Cs,Cu,s6,33.48,0.81,0.00
RhTa,Rh,Ta,s6,15.84,-0.47,0.00
ORe,O,Re,s6,11.04,-0.40,0.00
PdEu,Pd,Eu,s6,26.92,-0.36,0.00
ScRu,Sc,Ru,s6,16.49,-0.46,0.00
CoTm,Co,Tm,s6,20.75,0.22,0.00
CoEu,Co,Eu,s6,22.40,0.29,0.00
CEr,C,Er,s6,15.50,0.22,0.00
ReOs,Re,Os,s6,14.23,0.32,0.00
IrLu,Ir,Lu,s6,18.69,-0.94,0.00
BEr,B,Er,s6,16.40,0.18,0.00
CrPr,Cr,Pr,s6,22.11,0.88,0.00
CaCo,Ca,Co,s6,20.12,0.54,0.00
BrLa,Br,La,s6,37.29,-0.96,0.00
SnCr,Sn,Cr,s6,17.70,0.46,0.00
SeRu,Se,Ru,s6,16.41,0.40,0.00
CaZn,Ca,Zn,s6,24.59,-0.14,0.00
ZrNb,Zr,Nb,s6,20.54,0.20,0.00
YHo,Y,Ho,s6,31.71,0.02,0.00
LiPb,Li,Pb,s6,23.12,-0.27,0.00
PbTc,Pb,Tc,s6,18.59,0.81,0.00
FPr,F,Pr,s6,22.97,-2.48,0.00
PbEr,Pb,Er,s6,27.82,-0.37,0.00
CSm,C,Sm,s6,17.56,0.37,0.00
SnBr,Sn,Br,s6,36.75,-0.25,0.00
GeTb,Ge,Tb,s6,27.08,-0.18,0.00
RhRe,Rh,Re,s6,14.30,-0.08,0.00
KMn,K,Mn,s6,27.32,1.80,4.90
VCd,V,Cd,s6,19.29,0.57,0.00
KBi,K,Bi,s6,27.32,-0.84,4.90
PHg,P,Hg,s6,21.10,0.33,0.00
AuTm,Au,Tm,s6,26.64,-0.36,0.00
KO,K,O,s6,27.32,-0.31,4.90
RbAl,Rb,Al,s6,30.34,-0.89,4.89
NiPr,Ni,Pr,s6,24.40,0.20,0.00
LiBi,Li,Bi,s6,25.34,-0.03,0.00
OOs,O,Os,s6,11.04,0.14,0.00
SrZn,Sr,Zn,s6,28.62,-0.06,0.00
NaAs,Na,As,s6,32.62,0.01,3.81
IFe,I,Fe,s6,18.24,1.34,0.00
SbCo,Sb,Co,s6,15.60,0.37,0.00
RuRh,Ru,Rh,s6,13.86,0.05,0.00
CrCu,Cr,Cu,s6,11.74,0.49,0.00
SeSm,Se,Sm,s6,30.57,-1.30,0.00
SnFe,Sn,Fe,s6,15.08,0.40,0.00
PbTm,Pb,Tm,s6,27.79,-0.36,0.00
TlPr,Tl,Pr,s6,30.23,-0.38,0.00
PtTm,Pt,Tm,s6,25.75,-0.68,0.00
BaGe,Ba,Ge,s6,33.54,-0.33,0.00
TlCe,Tl,Ce,s6,31.26,-0.38,0.00
MgNd,Mg,Nd,s6,32.56,0.29,0.00
PmTb,Pm,Tb,s6,33.18,0.01,0.00
PmSm,Pm,Sm,s6,34.04,0.01,0.00
RbOs,Rb,Os,s6,30.34,3.42,4.89
LaPr,La,Pr,s6,36.39,0.01,0.00
LiF,Li,F,s6,12.28,-2.88,6.99
CrMn,Cr,Mn,s6,11.05,0.08,0.00
SbSm,Sb,Sm,s6,34.71,-0.25,0.00
HgTm,Hg,Tm,s6,24.74,-0.49,0.00
IrPm,Ir,Pm,s6,20.88,-0.49,0.00
BeIr,Be,Ir,s6,11.54,-0.16,0.00
ZrPm,Zr,Pm,s6,27.64,0.20,0.00
CeGd,Ce,Gd,s6,34.88,0.01,0.00
LaEu,La,Eu,s6,35.10,0.02,0.00
MoYb,Mo,Yb,s6,26.96,0.63,0.00
ONi,O,Ni,s6,10.92,-0.33,0.00
BaTb,Ba,Tb,s6,42.37,0.32,0.00
SbF,Sb,F,s6,17.37,-0.88,0.00
YNd,Y,Nd,s6,33.55,0.02,0.00
AuEu,Au,Eu,s6,28.72,-0.30,0.00
GaBi,Ga,Bi,s6,28.10,0.04,0.00
SbCd,Sb,Cd,s6,26.89,0.16,0.00
RbYb,Rb,Yb,s6,30.34,-2.03,4.89
AlAu,Al,Au,s6,16.93,-0.27,0.00
PPr,P,Pr,s6,24.23,-1.12,0.00
SeTe,Se,Te,s6,29.34,0.20,0.00
CPb,C,Pb,s6,21.39,1.92,0.00
TlLu,Tl,Lu,s6,26.41,-0.21,0.00
OsPt,Os,Pt,s6,14.80,0.26,0.00
ZnOs,Zn,Os,s6,14.88,0.68,0.00
MoLu,Mo,Lu,s6,25.16,0.54,0.00
NiCe,Ni,Ce,s6,24.90,0.22,0.00
ZrLu,Zr,Lu,s6,25.55,0.09,0.00
TlRe,Tl,Re,s6,18.57,1.51,0.00
RuEu,Ru,Eu,s6,25.10,0.33,0.00
SeEr,Se,Er,s6,27.75,-1.20,0.00
CaCl,Ca,Cl,s6,31.65,-1.35,0.00
NNd,N,Nd,s6,17.49,-3.64,1.21
GaCl,Ga,Cl,s6,24.14,-0.62,1.47
SnLa,Sn,La,s6,30.27,-0.73,0.00
TlGe,Tl,Ge,s6,25.40,0.29,0.00
RbI,Rb,I,s6,30.34,-2.01,4.89
SCd,S,Cd,s6,31.65,-0.19,0.00
PtFe,Pt,Fe,s6,12.80,0.22,0.00
LiAl,Li,Al,s6,15.45,-0.11,0.00
MgMn,Mg,Mn,s6,16.13,0.39,0.00
KCl,K,Cl,s6,27.32,-1.86,4.90
KBr,K,Br,s6,27.32,-1.96,4.90
MgO,Mg,O,s6,13.67,-2.35,2.91
BAs,B,As,s6,17.57,0.48,0.00
PbS,Pb,S,s6,25.59,-0.33,0.00
SeHg,Se,Hg,s6,26.26,0.13,0.00
TeCd,Te,Cd,s6,30.32,0.12,0.00
GaN,Ga,N,s6,13.62,-2.35,0.77
GaCo,Ga,Co,s6,11.85,-0.29,0.00
RbF,Rb,F,s6,30.34,-1.87,4.89
MgTe,Mg,Te,s6,37.03,-0.79,2.59
AlSc,Al,Sc,s6,19.53,-0.39,0.00
VCr,V,Cr,s6,12.60,0.19,0.00
BSb,B,Sb,s6,19.48,0.66,0.00
BiSn,Bi,Sn,s6,31.51,0.04,0.00
AlP,Al,P,s7,17.41,-0.17,0.00
CZr,C,Zr,s7,18.01,-0.30,0.00
CoCe,Co,Ce,s7,24.79,0.61,0.00
CaPm,Ca,Pm,s7,39.24,0.65,0.00
IZr,I,Zr,s7,31.81,-0.15,0.00
RuLa,Ru,La,s7,25.23,0.51,0.00
IrGd,Ir,Gd,s7,25.76,0.00,0.00
IHf,I,Hf,s7,29.36,0.17,0.00
RuHf,Ru,Hf,s7,19.85,-0.05,0.00
SrRu,Sr,Ru,s7,29.10,0.99,0.00
TcGd,Tc,Gd,s7,23.39,1.15,0.00
PbMn,Pb,Mn,s7,21.49,0.72,0.00
ZnYb,Zn,Yb,s7,31.17,0.16,0.00
InCl,In,Cl,s7,34.49,-0.83,1.76
SeZr,Se,Zr,s7,22.78,-0.88,0.00
OHo,O,Ho,s7,17.03,-2.81,0.00
GeZn,Ge,Zn,s7,19.10,0.35,0.00
ZnEu,Zn,Eu,s7,26.28,0.00,0.00
RhEr,Rh,Er,s7,23.68,-0.26,0.00
AlRh,Al,Rh,s7,16.02,-0.47,0.00
MgNi,Mg,Ni,s7,16.78,0.44,0.00
PdNd,Pd,Nd,s7,30.22,-0.32,0.00
PTm,P,Tm,s7,30.06,-1.26,0.02
RbGd,Rb,Gd,s7,42.79,-0.49,4.42
BaOs,Ba,Os,s7,33.13,1.33,0.00
CsYb,Cs,Yb,s7,85.80,0.45,0.00
FV,F,V,s7,11.69,-1.57,0.00
OEr,O,Er,s7,16.65,-2.82,0.00
NAs,N,As,s7,18.62,-2.24,1.43
AsSb,As,Sb,s7,25.19,0.08,0.00
SOs,S,Os,s7,15.38,0.49,0.00
InPd,In,Pd,s7,21.28,-0.25,0.00
PCl,P,Cl,s7,36.68,0.57,0.00
BeZr,Be,Zr,s7,16.64,0.28,0.00
ZrIr,Zr,Ir,s7,20.54,-0.59,0.00
TiRu,Ti,Ru,s7,17.14,0.00,0.00
NBi,N,Bi,s7,20.48,-1.95,0.72
TeHo,Te,Ho,s7,35.42,-1.20,0.00
IrEr,Ir,Er,s7,24.45,-0.04,0.00
IPd,I,Pd,s7,24.38,0.06,0.00
PbYb,Pb,Yb,s7,38.34,0.06,0.00
YHf,Y,Hf,s7,29.62,0.82,0.00
BeTc,Be,Tc,s7,11.99,0.39,0.00
SrOs,Sr,Os,s7,29.62,1.30,0.00
AlPm,Al,Pm,s7,28.55,0.00,0.00
PIr,P,Ir,s7,15.65,-0.07,0.00
CNi,C,Ni,s7,9.18,1.30,0.00
OEu,O,Eu,s7,18.63,-2.72,0.00
GaHo,Ga,Ho,s7,29.27,0.13,0.00
TlRu,Tl,Ru,s7,21.21,0.86,0.00
TlP,Tl,P,s7,27.99,0.15,0.00
MgOs,Mg,Os,s7,18.45,0.57,0.00
POs,P,Os,s7,14.39,0.00,0.00
SiZr,Si,Zr,s7,20.44,-0.36,0.00
CaTl,Ca,Tl,s7,34.50,-0.15,0.00
NbTc,Nb,Tc,s7,18.09,0.40,0.00
TlOs,Tl,Os,s7,21.95,1.31,0.00
SnNb,Sn,Nb,s7,23.39,0.44,0.00
GeTa,Ge,Ta,s7,19.79,0.38,0.00
LiCu,Li,Cu,s7,16.24,0.50,0.00
TePd,Te,Pd,s7,22.10,-0.21,0.00
NaSr,Na,Sr,s7,34.16,-1.54,4.09
BeBa,Be,Ba,s7,40.21,1.00,0.00
BaBr,Ba,Br,s7,44.20,-1.48,0.00
SbMo,Sb,Mo,s7,21.76,0.35,0.00
STb,S,Tb,s7,25.06,-1.77,0.00
WTb,W,Tb,s7,24.13,1.88,0.00
AsCl,As,Cl,s7,30.09,0.10,0.00
VMo,V,Mo,s7,15.49,0.50,0.00
SrC,Sr,C,s7,24.08,1.58,0.00
MgAs,Mg,As,s7,21.92,-0.27,0.00
KYb,K,Yb,s7,38.58,-2.06,4.54
PmEu,Pm,Eu,s7,34.95,0.67,0.00
TeTi,Te,Ti,s7,22.96,-0.23,0.00
MoPm,Mo,Pm,s7,25.06,1.55,0.00
SnAg,Sn,Ag,s7,24.76,0.16,0.00
CaMn,Ca,Mn,s7,28.63,0.85,0.00
BFe,B,Fe,s7,8.60,0.18,0.00
GaLu,Ga,Lu,s7,24.60,-0.23,0.00
FeHo,Fe,Ho,s7,21.00,1.08,0.00
SbSe,Sb,Se,s7,27.14,-0.07,0.00
BiYb,Bi,Yb,s7,55.50,-0.08,0.00
MgW,Mg,W,s7,21.13,1.52,0.00
LiCr,Li,Cr,s7,16.18,0.95,0.00
KCd,K,Cd,s7,38.62,-2.44,4.53
SbI,Sb,I,s7,39.76,0.08,0.00
NZr,N,Zr,s7,14.80,-4.00,0.00
GeAs,Ge,As,s7,21.70,0.14,0.00
ErLu,Er,Lu,s7,33.58,0.82,0.00
AgHg,Ag,Hg,s7,24.46,0.25,0.00
NaGd,Na,Gd,s7,36.15,-0.06,4.10
SiHf,Si,Hf,s7,19.83,-0.25,0.00
NaPt,Na,Pt,s7,34.16,0.67,4.09
GaZn,Ga,Zn,s7,19.49,0.24,0.00
CGe,C,Ge,s7,11.75,1.42,0.00
BaO,Ba,O,s7,25.14,-2.33,1.81
AlN,Al,N,s7,11.83,-3.56,2.71
SnCd,Sn,Cd,s7,28.10,0.15,0.00
TlSb,Tl,Sb,s7,34.86,0.13,0.00
SZn,S,Zn,s7,22.53,-0.36,0.55
InAs,In,As,s7,24.75,-0.02,0.00
CaO,Ca,O,s7,18.02,-2.75,2.13
CuAu,Cu,Au,s7,18.13,0.49,0.00
AlBi,Al,Bi,s7,28.23,0.28,0.00
IAu,I,Au,s7,29.68,0.16,0.00
LiI,Li,I,s7,33.33,-1.18,3.98
SrO,Sr,O,s7,21.68,-2.53,1.72
GaSb,Ga,Sb,s7,26.45,0.06,0.00
SnSb,Sn,Sb,s7,29.65,0.02,0.00
AlV,Al,V,s7,16.81,0.71,0.00
BP,B,P,s7,10.95,0.69,0.00
NaBr,Na,Br,s7,36.28,-1.54,4.12
PbTe,Pb,Te,s7,44.04,-0.10,0.00
PTa,P,Ta,s8,15.15,-0.57,0.00
ClPm,Cl,Pm,s8,26.19,-1.38,0.03
CaDy,Ca,Dy,s8,35.30,0.16,0.00
SmYb,Sm,Yb,s8,35.10,0.09,0.00
NaHo,Na,Ho,s8,27.05,-0.15,3.99
PHf,P,Hf,s8,18.09,-1.11,0.00
LiSc,Li,Sc,s8,21.74,0.36,0.00
CsZn,Cs,Zn,s8,48.43,0.21,0.00
NSc,N,Sc,s8,11.52,-4.48,0.00
MgAu,Mg,Au,s8,18.37,-0.54,0.00
TeCl,Te,Cl,s8,31.84,-0.14,0.00
MgZn,Mg,Zn,s8,18.03,0.01,0.00
NAu,N,Au,s8,12.56,-0.94,0.00
LiPt,Li,Pt,s8,13.91,-0.38,0.00
CZn,C,Zn,s8,13.04,0.67,0.00
OPm,O,Pm,s8,15.58,-2.77,0.00
MgBr,Mg,Br,s8,27.22,-0.91,0.00
KW,K,W,s8,32.50,4.63,5.02
GaCu,Ga,Cu,s8,14.44,0.17,0.00
CaYb,Ca,Yb,s8,41.34,0.02,0.00
NaSc,Na,Sc,s8,27.08,0.77,3.98
NaOs,Na,Os,s8,27.08,3.79,3.98
AlGd,Al,Gd,s8,25.98,-0.38,0.00
CTe,C,Te,s8,22.34,0.74,0.00
BZr,B,Zr,s8,13.51,-0.68,0.00
KC,K,C,s8,32.51,1.73,5.02
InN,In,N,s8,13.17,-2.34,0.00
GaSc,Ga,Sc,s8,20.20,-0.54,0.00
NaC,Na,C,s8,27.08,2.21,3.98
AuPr,Au,Pr,s8,26.22,-0.76,0.00
SRu,S,Ru,s8,14.63,-0.04,0.00
TcOs,Tc,Os,s8,14.30,0.06,0.00
BiZn,Bi,Zn,s8,25.51,0.21,0.00
BY,B,Y,s8,17.94,-0.36,0.00
GaAg,Ga,Ag,s8,18.44,0.04,0.00
OYb,O,Yb,s8,13.02,-3.23,3.24
LiCe,Li,Ce,s8,28.10,0.14,0.00
PAu,P,Au,s8,18.03,0.27,0.00
NiSm,Ni,Sm,s8,21.35,-0.22,0.00
BeTb,Be,Tb,s8,19.75,0.02,0.00
LiSr,Li,Sr,s8,39.01,0.03,0.00
ZrHg,Zr,Hg,s8,21.91,-0.12,0.00
PdAu,Pd,Au,s8,22.85,0.26,0.00
ITm,I,Tm,s8,30.90,-0.58,0.00
ZnNb,Zn,Nb,s8,16.61,0.22,0.00
SbO,Sb,O,s8,20.32,-0.93,0.00
LiOs,Li,Os,s8,13.68,0.19,0.00
PtTb,Pt,Tb,s8,23.74,-1.13,0.00
ClMo,Cl,Mo,s8,16.86,0.55,0.00
TlTi,Tl,Ti,s8,21.38,0.37,0.00
SiIr,Si,Ir,s8,14.06,-0.41,0.00
BiNd,Bi,Nd,s8,34.60,-0.95,0.00
SrS,Sr,S,s8,32.45,-2.02,2.76
PCe,P,Ce,s8,27.07,-1.50,0.00
TiPt,Ti,Pt,s8,15.70,-0.87,0.00
AlW,Al,W,s8,15.47,-0.01,0.00
FeOs,Fe,Os,s8,12.38,0.22,0.00
VCr,V,Cr,s8,12.32,-0.02,0.00
FPm,F,Pm,s8,18.95,-2.34,0.00
SEr,S,Er,s8,20.58,-1.93,0.00
LiZn,Li,Zn,s8,14.86,-0.13,0.00
NaTm,Na,Tm,s8,27.08,-0.18,3.98
LiCo,Li,Co,s8,10.34,0.55,0.00
SnTe,Sn,Te,s8,32.21,-0.26,0.19
TeZn,Te,Zn,s8,31.61,-0.28,1.12
BaSe,Ba,Se,s8,37.31,-2.05,1.95
PdFe,Pd,Fe,s8,13.80,0.05,0.00
BeSe,Be,Se,s8,24.18,-0.56,3.38
MgS,Mg,S,s8,17.80,-1.38,3.34
NaCl,Na,Cl,s8,26.11,-1.45,3.86
TeHg,Te,Hg,s8,42.35,-0.08,0.23
NaK,Na,K,s8,27.09,-1.88,4.00
TlP,Tl,P,s8,23.91,0.43,0.00
SiGe,Si,Ge,s8,17.74,0.38,0.00
InN,In,N,s8,13.17,-2.34,0.00
FeNi,Fe,Ni,s8,10.43,0.35,0.00
NiMo,Ni,Mo,s8,13.25,0.21,0.00
InP,In,P,s8,21.42,0.02,0.00
BaTe,Ba,Te,s8,44.53,-1.79,1.60
PdPt,Pd,Pt,s8,15.31,-0.02,0.00
NiPd,Ni,Pd,s8,13.29,0.21,0.00
LiBr,Li,Br,s8,20.56,-1.53,4.88
AgAu,Ag,Au,s8,17.87,-0.05,0.00
AlGa,Al,Ga,s8,18.27,0.08,0.00
CsF,Cs,F,s8,28.19,-2.65,5.28
TlN,Tl,N,s8,15.60,-1.44,0.00
CuMg,Cu,Mg,s8,15.72,0.09,0.00
GaP,Ga,P,s8,19.93,-0.02,0.00
NaK,Na,K,s8,27.09,-1.88,4.00
AlP,Al,P,s8,16.25,-0.35,0.00
RbCl,Rb,Cl,s8,37.64,-1.95,4.82
GaAs,Ga,As,s8,22.59,-0.04,0.00
FCu,F,Cu,s8,11.56,-0.67,0.00
InDy,In,Dy,s9,27.74,-0.42,0.00
BeTm,Be,Tm,s9,19.53,0.07,0.00
GeSn,Ge,Sn,s9,24.26,0.16,0.00
RuCe,Ru,Ce,s9,26.20,-0.05,0.00
AlSn,Al,Sn,s9,23.34,0.15,0.00
ClCu,Cl,Cu,s9,19.92,-0.04,0.36
NiHf,Ni,Hf,s9,16.31,-0.37,0.00
VMn,V,Mn,s9,11.90,-0.12,0.00
CaMo,Ca,Mo,s9,25.90,0.60,0.00
CuDy,Cu,Dy,s9,21.57,-0.08,0.00
MoW,Mo,W,s9,16.34,0.38,0.00
BiS,Bi,S,s9,25.39,-0.12,0.00
BeIn,Be,In,s9,17.06,0.35,0.00
SiS,Si,S,s9,18.29,0.01,0.00
OsGd,Os,Gd,s9,24.21,-0.14,0.00
OsCe,Os,Ce,s9,26.70,0.02,0.00
TlY,Tl,Y,s9,28.82,-0.33,0.00
SHf,S,Hf,s9,20.95,-1.20,0.00
NRu,N,Ru,s9,10.21,-1.97,0.00
BePb,Be,Pb,s9,20.17,0.50,0.00
BrW,Br,W,s9,21.20,0.90,0.00
NbCe,Nb,Ce,s9,28.12,0.48,0.00
BeGe,Be,Ge,s9,13.63,0.32,0.00
NaMn,Na,Mn,s9,30.26,2.22,3.87
SnSm,Sn,Sm,s9,29.36,-0.77,0.00
RbI,Rb,I,s9,35.32,-2.07,4.67
KAl,K,Al,s9,31.10,-0.95,4.76
PmHo,Pm,Ho,s9,32.99,0.03,0.00
InZn,In,Zn,s9,22.12,0.13,0.00
HgCe,Hg,Ce,s9,30.25,-0.44,0.00
BaCe,Ba,Ce,s9,47.11,0.18,0.00
MoRe,Mo,Re,s9,15.61,0.21,0.00
SGd,S,Gd,s9,22.81,-1.84,0.00
AlO,Al,O,s9,9.94,-1.97,0.00
SnRh,Sn,Rh,s9,17.96,-0.39,0.00
LiHg,Li,Hg,s9,19.98,-0.32,0.00
NbTa,Nb,Ta,s9,19.04,0.35,0.00
RbCe,Rb,Ce,s9,35.32,-0.46,4.67
GeS,Ge,S,s9,21.03,-0.22,0.59
ClDy,Cl,Dy,s9,23.10,-1.14,0.00
LaAu,La,Au,s9,28.06,-0.84,0.00
PGd,P,Gd,s9,22.74,-1.37,0.00
NaGe,Na,Ge,s9,30.26,-0.12,3.87
GaW,Ga,W,s9,16.75,0.48,0.00
MgTa,Mg,Ta,s9,20.50,0.56,0.00
NdSm,Nd,Sm,s9,34.69,0.03,0.00
HfGd,Hf,Gd,s9,27.08,0.44,0.00
TiPr,Ti,Pr,s9,26.08,0.56,0.00
KSm,K,Sm,s9,31.10,-0.51,4.76
CLa,C,La,s9,19.65,0.47,0.00
SrYb,Sr,Yb,s9,48.37,0.05,0.00
SrSn,Sr,Sn,s9,35.45,-0.67,0.00
BeOs,Be,Os,s9,10.87,-0.14,0.00
MgGd,Mg,Gd,s9,28.13,0.09,0.00
SiAu,Si,Au,s9,17.59,0.15,0.00
SrW,Sr,W,s9,29.73,1.00,0.00
RuNd,Ru,Nd,s9,25.18,-0.11,0.00
AlCu,Al,Cu,s9,13.79,0.01,0.00
InF,In,F,s9,19.58,-1.70,0.23
CaP,Ca,P,s9,22.13,-0.81,0.00
PdHo,Pd,Ho,s9,22.16,-0.94,0.00
CaAg,Ca,Ag,s9,27.43,-0.34,0.00
RbHf,Rb,Hf,s9,35.32,3.55,4.67
RbB,Rb,B,s9,35.32,0.53,4.67
LiBa,Li,Ba,s9,44.73,0.04,0.00
ScSm,Sc,Sm,s9,28.84,0.14,0.00
BiAg,Bi,Ag,s9,24.90,0.07,0.00
CsLu,Cs,Lu,s9,58.01,0.76,0.00
GaPb,Ga,Pb,s9,26.12,0.06,0.00
CrZr,Cr,Zr,s9,17.71,0.24,0.00
SrHf,Sr,Hf,s9,33.78,0.59,0.00
NiGd,Ni,Gd,s9,20.59,-0.28,0.00
SiBi,Si,Bi,s9,27.88,0.47,0.00
SbSc,Sb,Sc,s9,24.61,-0.74,0.00
CuZr,Cu,Zr,s9,17.63,0.05,0.00
BaTc,Ba,Tc,s9,33.53,0.64,0.00
NiMg,Ni,Mg,s9,15.76,0.10,0.00
SrS,Sr,S,s9,27.14,-1.97,2.33
SnAl,Sn,Al,s9,23.34,0.15,0.00
CeZr,Ce,Zr,s9,29.60,0.43,0.00
ICu,I,Cu,s9,31.27,0.24,0.69
FAu,F,Au,s9,14.29,-0.43,0.00
AlNi,Al,Ni,s9,12.57,-0.34,0.00
IAg,I,Ag,s9,32.73,-0.16,0.92
NaF,Na,F,s9,30.26,-1.47,3.87
CdPb,Cd,Pb,s9,28.38,0.03,0.00
BeAl,Be,Al,s9,12.58,0.12,0.00
ClCu,Cl,Cu,s9,19.92,-0.04,0.36
InBi,In,Bi,s9,31.89,0.04,0.00
PbSn,Pb,Sn,s9,29.94,0.05,0.00
AlSc,Al,Sc,s9,20.26,-0.37,0.00
LiCl,Li,Cl,s9,19.93,-1.78,5.73
CSn,C,Sn,s9,15.62,1.49,0.00
PdIr,Pd,Ir,s9,16.38,0.50,0.00
PTc,P,Tc,s9,14.09,-0.37,0.00
WRe,W,Re,s9,15.45,0.54,0.00
CuNb,Cu,Nb,s9,15.12,0.26,0.00
NaRh,Na,Rh,s9,30.05,0.83,3.89
LiRe,Li,Re,s9,14.69,0.22,0.00
FeCd,Fe,Cd,s9,16.35,0.36,0.00
BIn,B,In,s9,18.10,0.38,0.00
CdIr,Cd,Ir,s9,20.70,0.39,0.00
CuNi,Cu,Ni,s9,11.38,0.37,0.00
CoMo,Co,Mo,s9,13.05,0.07,0.00
TeMn,Te,Mn,s9,18.46,0.28,0.00
SiPb,Si,Pb,s9,24.89,0.32,0.00
CrRh,Cr,Rh,s9,12.86,-0.04,0.00
ScGd,Sc,Gd,s10,28.64,0.09,0.00
CuAg,Cu,Ag,s10,14.96,0.28,0.00
VCo,V,Co,s10,11.74,-0.03,0.00
AsDy,As,Dy,s10,23.91,-1.20,0.00
SnF,Sn,F,s10,22.35,-1.56,0.14
BaF,Ba,F,s10,23.17,-2.25,0.00
PV,P,V,s10,13.25,-0.58,0.00
PrTm,Pr,Tm,s10,33.43,0.01,0.00
BeSc,Be,Sc,s10,15.95,0.06,0.00
InLa,In,La,s10,33.01,-0.48,0.00
CaI,Ca,I,s10,37.93,-0.89,0.00
CTi,C,Ti,s10,9.76,-0.41,0.00
FeHf,Fe,Hf,s10,15.63,-0.04,0.00
SV,S,V,s10,13.42,-0.54,0.00
NaAg,Na,Ag,s10,28.13,-0.97,3.62
SiOs,Si,Os,s10,13.94,-0.08,0.00
SiPt,Si,Pt,s10,15.70,-0.41,0.00
AlAg,Al,Ag,s10,17.73,0.04,0.00
RuTm,Ru,Tm,s10,19.81,-0.26,0.00
RbZn,Rb,Zn,s10,33.44,-2.14,4.73
BeAs,Be,As,s10,14.40,0.31,0.00
HfSm,Hf,Sm,s10,27.13,0.22,0.00
SbDy,Sb,Dy,s10,28.18,-0.89,0.00
InCe,In,Ce,s10,32.55,-0.47,0.00
NaBe,Na,Be,s10,28.13,-0.45,3.62
ReGd,Re,Gd,s10,22.36,0.18,0.00
BaNd,Ba,Nd,s10,45.40,0.22,0.00
CTb,C,Tb,s10,15.11,-0.05,0.00
CsAu,Cs,Au,s10,43.06,-0.26,0.97
BaTm,Ba,Tm,s10,41.71,0.29,0.00
RbPt,Rb,Pt,s10,33.44,0.26,4.73
RbN,Rb,N,s10,33.44,-1.21,4.73
AuDy,Au,Dy,s10,24.18,-0.86,0.00
PCd,P,Cd,s10,20.99,0.13,0.00
BaTi,Ba,Ti,s10,35.56,0.68,0.00
SCl,S,Cl,s10,44.38,-0.15,2.73
VRu,V,Ru,s10,13.61,-0.15,0.00
SCo,S,Co,s10,17.41,-0.11,0.00
RbFe,Rb,Fe,s10,34.82,1.42,4.65
TiYb,Ti,Yb,s10,25.74,0.51,0.00
KMg,K,Mg,s10,29.72,-2.03,4.90
HgNd,Hg,Nd,s10,28.89,-0.36,0.00
AlSb,Al,Sb,s10,23.16,0.13,0.00
STa,S,Ta,s10,16.63,-0.31,0.00
NbEr,Nb,Er,s10,23.68,0.29,0.00
OsLu,Os,Lu,s10,20.05,-0.13,0.00
TlSm,Tl,Sm,s10,30.46,-0.33,0.00
BeBr,Be,Br,s10,22.11,-0.16,0.99
IHo,I,Ho,s10,30.52,-0.62,0.00
ClTb,Cl,Tb,s10,23.29,-1.28,0.00
RbCu,Rb,Cu,s10,33.44,-0.72,4.73
AgCd,Ag,Cd,s10,19.51,-0.06,0.00
RbMn,Rb,Mn,s10,33.44,1.81,4.73
SrZr,Sr,Zr,s10,34.46,0.51,0.00
MoRu,Mo,Ru,s10,14.83,0.06,0.00
SNi,S,Ni,s10,19.65,-0.01,0.05
CV,C,V,s10,9.06,0.03,0.00
SeNb,Se,Nb,s10,21.54,-0.52,0.00
ClHo,Cl,Ho,s10,22.84,-1.23,0.00
GeTm,Ge,Tm,s10,22.13,-0.83,0.00
InSn,In,Sn,s10,28.20,0.06,0.00
ClRe,Cl,Re,s10,24.27,0.16,0.73
TcLa,Tc,La,s10,24.27,0.16,0.00
OY,O,Y,s10,14.83,-2.64,0.00
BrLu,Br,Lu,s10,25.22,-0.83,0.00
CsBr,Cs,Br,s10,44.74,-1.73,4.20
VGd,V,Gd,s10,22.99,0.41,0.00
MnYb,Mn,Yb,s10,19.40,0.48,0.00
EuEr,Eu,Er,s10,32.24,-0.01,0.00
CoYb,Co,Yb,s10,18.15,0.07,0.00
EuYb,Eu,Yb,s10,35.16,0.09,0.00
TcEu,Tc,Eu,s10,22.37,0.09,0.00
CrEu,Cr,Eu,s10,21.70,0.49,0.00
BrNi,Br,Ni,s10,27.64,0.05,0.00
IrTb,Ir,Tb,s10,21.61,-0.65,0.00
NaTb,Na,Tb,s10,28.13,-0.06,3.62
BaPt,Ba,Pt,s10,28.94,-0.32,0.00
MgY,Mg,Y,s10,27.98,-0.01,0.00
CsHf,Cs,Hf,s10,45.46,1.13,0.00
FHf,F,Hf,s10,15.86,-1.78,0.00
MnTm,Mn,Tm,s10,19.14,0.18,0.00
MoPt,Mo,Pt,s10,15.43,-0.23,0.00
AlCo,Al,Co,s10,12.08,-0.34,0.00
ClSc,Cl,Sc,s10,19.30,-1.10,0.00
MgBa,Mg,Ba,s10,41.99,0.02,0.00
GeSe,Ge,Se,s10,24.88,-0.16,0.19
YLu,Y,Lu,s10,30.97,0.01,0.00
BBi,B,Bi,s10,20.55,0.97,0.00
InSb,In,Sb,s10,29.37,0.04,0.00
SnSb,Sn,Sb,s10,30.53,0.08,0.00
RbBr,Rb,Br,s10,33.45,-1.96,4.74
AlSb,Al,Sb,s10,23.16,0.13,0.00
LiF,Li,F,s10,9.23,-2.86,7.58
BrCu,Br,Cu,s10,28.03,-0.05,1.03
CsCl,Cs,Cl,s10,40.61,-1.92,4.79
CuAg,Cu,Ag,s10,14.96,0.28,0.00
NiMo,Ni,Mo,s10,13.32,0.22,0.00
CdPb,Cd,Pb,s10,29.23,0.07,0.00
PtFe,Pt,Fe,s10,13.17,0.26,0.00
TlBi,Tl,Bi,s10,33.57,0.03,0.00
NiPt,Ni,Pt,s10,13.29,0.16,0.00
BeO,Be,O,s10,8.38,-2.24,5.18
KF,K,F,s10,29.72,-1.89,4.90
BaS,Ba,S,s10,31.04,-1.87,1.93
SnO,Sn,O,s10,17.85,-1.10,0.81
CaS,Ca,S,s10,22.87,-1.89,2.15
KLi,K,Li,s10,43.59,0.15,0.00
NiRh,Ni,Rh,s10,12.54,0.24,0.00
CAu,C,Au,s10,23.29,1.02,0.00
BrNd,Br,Nd,s10,42.21,-1.06,0.00
CoRh,Co,Rh,s10,12.23,0.17,0.00
NMn,N,Mn,s10,8.45,-2.79,0.00
SrIr,Sr,Ir,s10,23.88,0.24,0.00
TlC,Tl,C,s10,27.02,0.94,1.73
SrMn,Sr,Mn,s10,26.17,0.77,0.00
TiMn,Ti,Mn,s10,13.51,-0.05,0.00
SrCo,Sr,Co,s10,20.79,0.61,0.00
